person,bicycle,car,motorcycle,airplane,bus,train,truck,boat,traffic light
0.0006856321176092754,0.0003138638599510475,0.0003008853209721508,0.0006752036262612195,0.0006466197616060406,0.000841519480219919,0.0008848697313008019,0.0005324776753699143,0.0004905552141728645,0.0001137204568671753
