person,bicycle,car,motorcycle,airplane,bus,train,truck,boat,traffic light
111052.5332157612,111731.66954356273,115632.95542062461,114045.88722623527,105270.1228701905,109471.45367019245,108213.26733868786,112453.4786118095,111753.56086058258,116893.68213452182
