person,bicycle,car,motorcycle,airplane,bus,train,truck,boat,traffic light
3.106165042016196e-07,2.1314424708404524e-07,3.315991502578071e-07,2.3084142742578754e-07,1.992861229406382e-07,1.7931877724844144e-07,1.561444338173179e-07,2.2365199479760355e-07,2.396943020542341e-07,2.540089399203631e-07
