person,bicycle,car,motorcycle,airplane,bus,train,truck,boat,traffic light
78002.75685326225,78982.87575618674,75508.61552669115,79282.20489907653,58507.66581388463,71270.474429624,71060.22066860658,73655.1304171642,64494.400415267904,75216.5725311944
