person,bicycle,car,motorcycle,airplane,bus,train,truck,boat,traffic light
2.257432269242273e-10,1.896339920236566e-10,2.361971692642963e-10,1.9833521895753148e-10,1.7228400199889879e-10,1.8306949336882544e-10,1.6229845660254577e-10,1.9069477455587221e-10,2.1012102650887454e-10,1.9870200406175688e-10
